Classifier,Accuracy,Precision,Recall
Naive Bayes,0.65,0.6333333333333333,0.65
SVM,0.65,0.63125,0.65
Logistic Regression,0.65,0.6333333333333333,0.65
